{
  "交易筆數": 135,
  "勝率": 0.8222222222222222,
  "起始資金": 10000.0,
  "最終淨值": 14579.264315683067,
  "總報酬率%": 45.79264315683067,
  "獲利因子": 5.661049145837328,
  "最大回撤%": 1.493491670698823,
  "平均持倉分鐘": 224.55555555555554
}