{
  "交易筆數": 958,
  "勝率": 0.8935281837160751,
  "總收益": 4130.541428571428,
  "獲利因子": 14.565441980266755,
  "最大回撤": 13.67142857142835,
  "平均持倉分鐘": 225.03131524008353
}