{
  "交易筆數": 150,
  "勝率": 0.78,
  "起始資金": 10000.0,
  "最終淨值": 14415.566058981492,
  "總報酬率%": 44.15566058981493,
  "獲利因子": 6.86956748139322,
  "最大回撤%": 1.0115256859736417,
  "平均持倉分鐘": 229.3
}