{
  "交易筆數": 138,
  "勝率": 0.6376811594202898,
  "起始資金": 10000.0,
  "最終淨值": 12341.341559630351,
  "總報酬率%": 23.413415596303523,
  "獲利因子": 2.612186456803497,
  "最大回撤%": 4.679078371829249,
  "平均持倉分鐘": 222.7173913043478
}