{
  "交易筆數": 963,
  "勝率": 0.877466251298027,
  "總收益": 22892.08942857143,
  "獲利因子": 12.521321738720307,
  "最大回撤": 145.26399999999558,
  "平均持倉分鐘": 223.61370716510902
}