{
  "交易筆數": 135,
  "勝率": 0.7407407407407407,
  "起始資金": 10000.0,
  "最終淨值": 13241.150601783445,
  "總報酬率%": 32.41150601783445,
  "獲利因子": 3.3901958873898765,
  "最大回撤%": 4.636158833727841,
  "平均持倉分鐘": 224.66666666666666
}