{
  "起始資金": 10000.0,
  "最終淨值": 13867.467101699447,
  "總報酬率%": 38.674671016994466,
  "交易筆數": 217,
  "勝率": 0.7050691244239631,
  "獲利因子": 4.210471042064567,
  "最大回撤%": 0.3906841314553916
}