{
  "BTCUSDT": {
    "起始資金": 10000.0,
    "最終淨值": 13490.01161952252,
    "總報酬率%": 34.900116195225195,
    "交易筆數": 245,
    "勝率": 0.6775510204081633,
    "獲利因子": 2.9375574721843956,
    "最大回撤%": 0.8608774895731263
  },
  "ETHUSDT": {
    "起始資金": 10000.0,
    "最終淨值": 13258.297825183698,
    "總報酬率%": 32.58297825183698,
    "交易筆數": 204,
    "勝率": 0.7058823529411765,
    "獲利因子": 2.893113620753667,
    "最大回撤%": 1.7648479071164462
  },
  "BCHUSDT": {
    "起始資金": 10000.0,
    "最終淨值": 13867.467101699447,
    "總報酬率%": 38.674671016994466,
    "交易筆數": 217,
    "勝率": 0.7050691244239631,
    "獲利因子": 4.210471042064567,
    "最大回撤%": 0.3906841314553916
  }
}