{
  "初始總資金": 30000.0,
  "最終總淨值": 40615.776546405665,
  "加總報酬率%": 35.385921821352206,
  "幣別數": 3
}