{
  "起始資金": 10000.0,
  "最終淨值": 13490.01161952252,
  "總報酬率%": 34.900116195225195,
  "交易筆數": 245,
  "勝率": 0.6775510204081633,
  "獲利因子": 2.9375574721843956,
  "最大回撤%": 0.8608774895731263
}