{
  "起始資金": 10000.0,
  "最終淨值": 13258.297825183698,
  "總報酬率%": 32.58297825183698,
  "交易筆數": 204,
  "勝率": 0.7058823529411765,
  "獲利因子": 2.893113620753667,
  "最大回撤%": 1.7648479071164462
}