{
  "BTCUSDT": {
    "交易筆數": 138,
    "勝率": 0.6376811594202898,
    "起始資金": 10000.0,
    "最終淨值": 12341.341559630351,
    "總報酬率%": 23.413415596303523,
    "獲利因子": 2.612186456803497,
    "最大回撤%": 4.679078371829249,
    "平均持倉分鐘": 222.7173913043478
  },
  "ETHUSDT": {
    "交易筆數": 135,
    "勝率": 0.7407407407407407,
    "起始資金": 10000.0,
    "最終淨值": 13241.150601783445,
    "總報酬率%": 32.41150601783445,
    "獲利因子": 3.3901958873898765,
    "最大回撤%": 4.636158833727841,
    "平均持倉分鐘": 224.66666666666666
  },
  "BCHUSDT": {
    "交易筆數": 135,
    "勝率": 0.8222222222222222,
    "起始資金": 10000.0,
    "最終淨值": 14579.264315683067,
    "總報酬率%": 45.79264315683067,
    "獲利因子": 5.661049145837328,
    "最大回撤%": 1.493491670698823,
    "平均持倉分鐘": 224.55555555555554
  }
}